Data,Produto,Quantidade,Preço Unitário,Valor Total,Cliente,Endereço
2024-09-26,Clips,14,4.69,65.66,Clarice Oliveira,"Rua Almeida, 100, Brasília - DF, 73129-964"
2024-03-21,Lápis,17,13.8,234.6,Mirella Cunha,"Setor Cavalcante, 86, Brasília - DF, 65246-379"
2024-06-06,Marcador,10,4.33,43.3,Helena Pires,"Avenida de Duarte, 41, Brasília - DF, 75658-049"
2024-07-24,Caderno,14,46.32,648.48,Isadora da Cunha,"Parque de Andrade, 49, Brasília - DF, 67677046"
2024-07-09,Borrachas,14,13.93,195.02,Isabela Borges,"Largo de Barbosa, 70, Brasília - DF, 12652-051"
2024-01-30,Lápis,20,26.56,531.2,Sra. Cecilia Carvalho,"Sítio de Rodrigues, 84, Brasília - DF, 38421408"
2024-04-08,Caneta,17,29.06,494.02,Alexandre Fogaça,"Pátio Costa, 67, Brasília - DF, 72977675"
2024-01-18,Post-its,19,43.0,817.0,Dra. Sarah da Rosa,"Estação de Aragão, 24, Brasília - DF, 90366-338"
2024-02-23,Caderno,7,34.25,239.75,Thales Fogaça,"Viela Pimenta, 88, Brasília - DF, 86944655"
2024-10-25,Papel A4,14,11.4,159.6,Nina Machado,"Vale de Siqueira, 19, Brasília - DF, 20616-256"
2024-05-23,Papel A4,16,10.44,167.04,Luiz Henrique Ferreira,"Viaduto de Santos, 88, Brasília - DF, 40740-618"
2024-02-18,Post-its,8,31.31,250.48,Lucas Santos,"Fazenda Vieira, 52, Brasília - DF, 15964-407"
2024-08-30,Grampeador,17,24.56,417.52,Anthony Guerra,"Pátio de Rezende, 90, Brasília - DF, 45827-379"
2024-05-07,Caderno,16,24.66,394.56,Luigi Cavalcante,"Chácara Heitor Abreu, 96, Brasília - DF, 53873-105"
2024-06-23,Clips,19,29.51,560.69,José Pedro Castro,"Aeroporto Luigi Cassiano, 8, Brasília - DF, 80055-058"
2024-02-14,Pastas,17,10.7,181.9,Emanuelly Caldeira,"Estação Teixeira, 28, Brasília - DF, 39103-566"
2024-06-04,Caderno,11,6.38,70.18,Antônio Rios,"Parque Ana Vitória Montenegro, 74, Brasília - DF, 92666197"
2024-01-03,Borrachas,5,47.58,237.9,Dr. Nicolas Borges,"Área de Azevedo, 76, Brasília - DF, 62265-130"
2024-10-09,Marcador,14,20.93,293.02,Davi Costa,"Vila Rhavi Ferreira, 59, Brasília - DF, 05168-366"
2024-01-02,Grampeador,19,27.12,515.28,Dra. Manuela Farias,"Esplanada de Andrade, 65, Brasília - DF, 91720-386"
2024-07-16,Borrachas,14,48.86,684.04,Alexia da Rocha,"Setor Aylla Moraes, 44, Brasília - DF, 31788-457"
2024-10-19,Grampeador,14,35.69,499.66,Davi Nogueira,"Campo de Cunha, 88, Brasília - DF, 06382679"
2024-04-23,Marcador,18,33.28,599.04,Mathias Novaes,"Via Martins, 48, Brasília - DF, 58098129"
2024-04-16,Lápis,20,6.25,125.0,Bernardo Costela,"Travessa de Barbosa, 64, Brasília - DF, 58854-895"
2024-03-31,Pastas,19,3.88,73.72,Heloisa Nogueira,"Morro de Marques, 89, Brasília - DF, 32938-595"
2024-08-07,Grampeador,10,27.75,277.5,Manuella Pastor,"Viaduto Vasconcelos, 68, Brasília - DF, 61704-777"
2024-07-24,Pastas,8,47.71,381.68,Maria Cecília Fonseca,"Vila Sophie da Paz, 28, Brasília - DF, 88208-265"
2024-09-06,Post-its,3,10.22,30.66,Isaque Guerra,"Lagoa Fernandes, 49, Brasília - DF, 51344809"
2024-03-29,Grampeador,9,35.57,320.13,Dra. Eloah Casa Grande,"Trecho de Cavalcante, 24, Brasília - DF, 59920383"
2024-08-11,Pastas,18,28.15,506.7,Eduardo Barbosa,"Esplanada de Rios, 81, Brasília - DF, 93415-606"
2024-08-14,Marcador,18,47.9,862.2,Dr. Marcelo Gonçalves,"Ladeira de Oliveira, 46, Brasília - DF, 03934606"
2024-06-30,Clips,18,27.8,500.4,Enrico Rezende,"Praia de Nogueira, 93, Brasília - DF, 81541604"
2024-10-21,Post-its,3,21.61,64.83,Melina Teixeira,"Esplanada Maria Sophia Aragão, 58, Brasília - DF, 37427997"
2024-04-22,Lápis,20,20.2,404.0,Emanuelly Mendonça,"Recanto de Abreu, 43, Brasília - DF, 31732-083"
2024-06-22,Post-its,9,18.75,168.75,Maria Helena da Rosa,"Loteamento Liz Lopes, 53, Brasília - DF, 97589-417"
2024-10-29,Papel A4,6,38.28,229.68,Sra. Maria Júlia Melo,"Praça de Mendonça, 44, Brasília - DF, 05778622"
2024-05-15,Caneta,17,37.67,640.39,Sr. Nathan Lima,"Vila de Pimenta, 90, Brasília - DF, 36933905"
2024-09-22,Caderno,14,45.95,643.3,Léo da Paz,"Viela Alícia Lima, 77, Brasília - DF, 30817917"
2024-09-28,Grampeador,13,36.65,476.45,Sr. Bento Rios,"Conjunto Clarice Vieira, 62, Brasília - DF, 46937-764"
2024-01-08,Clips,1,6.43,6.43,João Miguel Borges,"Trecho Fonseca, 61, Brasília - DF, 48662277"
2024-02-17,Papel A4,8,13.82,110.56,Manuella Lopes,"Fazenda Joana Teixeira, 1, Brasília - DF, 94997-937"
2024-08-28,Lápis,6,33.58,201.48,Helena Fonseca,"Lago Hadassa Nascimento, 15, Brasília - DF, 84806351"
2024-09-06,Post-its,20,4.0,80.0,Daniel Vargas,"Setor de Andrade, 85, Brasília - DF, 81343-410"
2024-04-25,Papel A4,10,23.62,236.2,Brayan Fogaça,"Recanto Sousa, 68, Brasília - DF, 82383471"
2024-06-13,Borrachas,1,34.7,34.7,Benício Martins,"Esplanada Pastor, 81, Brasília - DF, 33794940"
2024-09-12,Clips,7,26.87,188.09,Ravi Montenegro,"Pátio Melina Cassiano, 50, Brasília - DF, 84095880"
2024-06-09,Caneta,17,5.27,89.59,Ísis Vieira,"Vale Luiz Fernando Guerra, 99, Brasília - DF, 76058-459"
2024-01-02,Borrachas,9,31.94,287.46,Enrico Pimenta,"Estação Paulo Ribeiro, 65, Brasília - DF, 43303-384"
2024-03-05,Borrachas,7,6.64,46.48,Pedro Campos,"Estação Almeida, 61, Brasília - DF, 61998-985"
2024-05-14,Grampeador,19,2.6,49.4,Vitor Hugo Brito,"Estrada de da Conceição, 68, Brasília - DF, 34203274"
2024-08-11,Lápis,9,32.43,291.87,Cecília Oliveira,"Lago Maya Porto, 12, Brasília - DF, 97098882"
2024-06-01,Caderno,11,37.06,407.66,Gustavo Barbosa,"Viela de Gonçalves, 80, Brasília - DF, 75052463"
2024-10-13,Marcador,3,14.04,42.12,Luiz Gustavo Rios,"Recanto Larissa Almeida, 52, Brasília - DF, 70845-258"
2024-02-13,Borrachas,3,24.73,74.19,Sr. Bernardo Pacheco,"Via Bento Moreira, 74, Brasília - DF, 06386-534"
2024-03-04,Marcador,6,37.27,223.62,João Pedro Ramos,"Vereda Caleb Costela, 72, Brasília - DF, 84571-172"
2024-01-27,Caderno,15,49.94,749.1,Gabrielly Nogueira,"Fazenda de Cirino, 79, Brasília - DF, 55045239"
2024-07-18,Marcador,4,48.81,195.24,Sr. João Siqueira,"Praia de Rodrigues, 65, Brasília - DF, 60935526"
2024-06-30,Lápis,12,25.57,306.84,Srta. Cecilia da Cruz,"Vila Diogo Oliveira, 35, Brasília - DF, 24887431"
2024-01-23,Lápis,6,9.13,54.78,Laura Macedo,"Chácara de Gomes, 61, Brasília - DF, 28615270"
2024-01-23,Post-its,13,22.86,297.18,Lívia Rios,"Vereda Maria Isis Martins, 80, Brasília - DF, 61383-632"
2024-08-04,Borrachas,3,33.49,100.47,Srta. Sophie Guerra,"Loteamento de Gomes, 7, Brasília - DF, 99098508"
2024-06-05,Marcador,11,10.95,120.45,Ana Cecília Monteiro,"Condomínio Farias, 22, Brasília - DF, 35808529"
2024-11-02,Post-its,9,29.94,269.46,Dr. Yago Peixoto,"Vila de Cardoso, 58, Brasília - DF, 68989369"
2024-10-12,Caderno,9,15.86,142.74,Maria Julia Cunha,"Lagoa da Costa, 16, Brasília - DF, 39086148"
2024-08-21,Lápis,14,11.54,161.56,Anna Liz Duarte,"Lagoa Lima, 77, Brasília - DF, 08759-764"
2024-09-16,Caneta,20,27.94,558.8,Allana Sousa,"Estação de Nascimento, 82, Brasília - DF, 94109648"
2024-02-28,Borrachas,6,11.7,70.2,Rafaela Ramos,"Viela de Teixeira, 78, Brasília - DF, 90134-495"
2024-08-08,Borrachas,13,30.64,398.32,Pedro Pacheco,"Alameda Renan Leão, 61, Brasília - DF, 66643-994"
2024-06-10,Clips,15,9.69,145.35,Ana Lívia Cunha,"Aeroporto Pereira, 33, Brasília - DF, 11117477"
2024-09-13,Post-its,7,42.42,296.94,Maria Vitória Pastor,"Vereda Stella Alves, 90, Brasília - DF, 27569643"
2024-05-31,Borrachas,7,13.97,97.79,Dra. Maria Alice Lopes,"Via Duarte, 13, Brasília - DF, 17911516"
2024-07-29,Papel A4,11,47.29,520.19,Isabel Cardoso,"Sítio Sá, 72, Brasília - DF, 51662-288"
2024-08-02,Caneta,9,36.17,325.53,João Gabriel Vasconcelos,"Conjunto Fonseca, 39, Brasília - DF, 67766-439"
2024-10-13,Pastas,13,45.39,590.07,Luara Pires,"Campo Fogaça, 51, Brasília - DF, 53771-587"
2024-02-22,Caneta,19,11.66,221.54,Dra. Sara Correia,"Área Pinto, 16, Brasília - DF, 28571-453"
2024-03-29,Grampeador,17,40.6,690.2,Mathias Sampaio,"Feira Leão, 40, Brasília - DF, 09558-737"
2024-05-08,Borrachas,11,6.88,75.68,Yago Aragão,"Trevo Maria Fernanda Moura, 67, Brasília - DF, 54881639"
2024-06-14,Caderno,3,11.08,33.24,Joaquim Melo,"Estrada de da Paz, 88, Brasília - DF, 91897626"
2024-01-06,Caneta,19,33.22,631.18,Eloah Cavalcante,"Rua Oliveira, 16, Brasília - DF, 58848-786"
2024-02-02,Lápis,9,8.09,72.81,Gabriel Oliveira,"Jardim Moura, 2, Brasília - DF, 23937834"
2024-07-27,Borrachas,7,7.91,55.37,Henry Gabriel Almeida,"Vila Cassiano, 58, Brasília - DF, 87443615"
2024-02-02,Caneta,17,25.04,425.68,Hellena Pimenta,"Favela de da Rocha, 56, Brasília - DF, 19878616"
2024-01-10,Clips,8,16.82,134.56,Gabriel Caldeira,"Residencial Brenda Martins, 81, Brasília - DF, 71818-675"
2024-07-16,Pastas,5,42.68,213.4,Maria Júlia Monteiro,"Chácara de Cardoso, 61, Brasília - DF, 33796262"
2024-06-09,Caderno,8,21.22,169.76,Aylla Moreira,"Esplanada Almeida, 39, Brasília - DF, 11106-842"
2024-05-15,Lápis,3,24.63,73.89,Maria Helena da Costa,"Travessa de Lima, 39, Brasília - DF, 33789771"
2024-07-11,Marcador,9,40.14,361.26,Srta. Manuela Sousa,"Largo Camargo, 89, Brasília - DF, 98026717"
2024-03-09,Pastas,11,28.34,311.74,Sra. Marcela Pastor,"Esplanada de Alves, 58, Brasília - DF, 37073-438"
2024-04-29,Borrachas,6,28.71,172.26,Sr. Vitor Gabriel Pacheco,"Trecho Cassiano, 6, Brasília - DF, 66858-218"
2024-07-22,Grampeador,16,42.22,675.52,Dra. Elisa Guerra,"Vila Mendonça, 59, Brasília - DF, 06413211"
2024-07-20,Pastas,11,46.6,512.6,Enrico Albuquerque,"Trecho Antonella Teixeira, 33, Brasília - DF, 40739718"
2024-04-26,Marcador,9,14.47,130.23,Maria Laura Nunes,"Distrito Moraes, 10, Brasília - DF, 03043609"
2024-10-31,Borrachas,6,17.58,105.48,Gabrielly Novais,"Praça Mendes, 85, Brasília - DF, 66127766"
2024-04-05,Caneta,8,8.54,68.32,Theodoro Novaes,"Ladeira de da Paz, 19, Brasília - DF, 15508-259"
2024-03-02,Marcador,7,30.16,211.12,Sr. Pedro Lucas Mendonça,"Avenida Gabriela Garcia, 4, Brasília - DF, 57584290"
2024-02-19,Caderno,9,15.57,140.13,Dr. Vitor Hugo Duarte,"Trecho Albuquerque, 63, Brasília - DF, 43806-343"
2024-10-14,Lápis,15,24.8,372.0,Sra. Rebeca Barros,"Campo Ravy Cunha, 86, Brasília - DF, 85215117"
2024-07-21,Papel A4,18,33.16,596.88,Clara Cavalcante,"Avenida Alexia Pinto, 46, Brasília - DF, 54878227"
2024-02-11,Lápis,1,27.88,27.88,Aylla Lima,"Feira Luiz Felipe Correia, 5, Brasília - DF, 15582562"
2024-08-26,Clips,15,44.57,668.55,Maria Flor Almeida,"Largo Liz Alves, 22, Brasília - DF, 94061-415"
2024-04-18,Clips,7,8.34,58.38,Júlia Ferreira,"Viaduto Mendes, 88, Brasília - DF, 97301459"
2024-06-03,Clips,16,18.72,299.52,Caio Silveira,"Colônia de Azevedo, 25, Brasília - DF, 81716-898"
2024-10-02,Lápis,7,43.12,301.84,Sr. Mateus Rodrigues,"Quadra de Barros, 73, Brasília - DF, 92196-463"
2024-05-22,Post-its,3,46.55,139.65,Davi Miguel Almeida,"Feira Aragão, 66, Brasília - DF, 16070-352"
2024-04-11,Borrachas,10,33.58,335.8,Luiza Novaes,"Sítio Ana Beatriz Oliveira, 73, Brasília - DF, 01685-851"
2024-08-25,Borrachas,11,19.3,212.3,Stephany Ribeiro,"Lago Gabriela Abreu, 27, Brasília - DF, 14029602"
2024-09-19,Marcador,16,39.59,633.44,Felipe Cavalcante,"Viela de Azevedo, 50, Brasília - DF, 11820-593"
2024-05-15,Lápis,13,43.58,566.54,Sr. Ravy Viana,"Favela de Fogaça, 1, Brasília - DF, 64598001"
2024-02-15,Pastas,10,17.95,179.5,Daniel Costela,"Via Siqueira, 40, Brasília - DF, 93211-927"
2024-09-19,Clips,11,18.54,203.94,Natália Dias,"Área Alana Monteiro, 49, Brasília - DF, 73784608"
2024-09-29,Caderno,6,10.71,64.26,Sr. Gael da Cruz,"Trevo de Guerra, 63, Brasília - DF, 15240-720"
2024-10-15,Grampeador,10,32.69,326.9,Dra. Isis Aparecida,"Parque de da Conceição, 81, Brasília - DF, 85041-535"
2024-03-17,Grampeador,19,11.49,218.31,Dr. Samuel Viana,"Conjunto Luiz Otávio Jesus, 91, Brasília - DF, 59349-515"
2024-05-20,Post-its,18,47.29,851.22,Luiz Otávio Cavalcante,"Travessa Ana Novais, 85, Brasília - DF, 75927-604"
2024-01-15,Caneta,12,18.52,222.24,Thales Silveira,"Via Luiz Gustavo Almeida, 35, Brasília - DF, 00067402"
2024-04-25,Pastas,16,16.61,265.76,Dr. Eduardo Borges,"Rodovia de Marques, 28, Brasília - DF, 28259-653"
2024-04-20,Post-its,19,48.96,930.24,Ana Vitória Mendonça,"Conjunto Casa Grande, 62, Brasília - DF, 62573-369"
2024-03-20,Caneta,6,22.16,132.96,Lucca Casa Grande,"Jardim Stella Câmara, 54, Brasília - DF, 47470-054"
2024-01-03,Caneta,14,30.82,431.48,Bárbara Abreu,"Lago de da Rocha, 11, Brasília - DF, 28420665"
2024-05-19,Borrachas,4,7.78,31.12,Maria Júlia Oliveira,"Favela Pietra Brito, 60, Brasília - DF, 53310-892"
2024-10-23,Grampeador,7,5.45,38.15,Ana Lívia Abreu,"Vila de Rios, 63, Brasília - DF, 06413-699"
2024-01-13,Clips,7,21.03,147.21,Vitor Freitas,"Fazenda Kevin Fonseca, 21, Brasília - DF, 51094962"
2024-03-30,Papel A4,3,2.34,7.02,Dr. Ravy Martins,"Viela de Azevedo, 5, Brasília - DF, 25961227"
2024-06-27,Pastas,3,12.69,38.07,José Miguel Monteiro,"Praça João Vitor das Neves, 9, Brasília - DF, 67810-904"
2024-03-23,Lápis,17,7.5,127.5,Erick Nascimento,"Parque de Costa, 68, Brasília - DF, 26358946"
2024-05-31,Marcador,10,29.45,294.5,Manuela Pacheco,"Fazenda de Duarte, 68, Brasília - DF, 48092205"
2024-09-21,Caneta,2,2.53,5.06,Cecilia Gonçalves,"Largo Mendes, 18, Brasília - DF, 74218286"
2024-06-05,Grampeador,3,42.9,128.7,Isabelly Câmara,"Trecho de Cavalcante, 79, Brasília - DF, 10777201"
2024-02-11,Lápis,11,6.34,69.74,Cecília Silveira,"Área Leão, 98, Brasília - DF, 20846-051"
2024-03-07,Lápis,5,40.68,203.4,Srta. Maya da Costa,"Parque Esther Gonçalves, 97, Brasília - DF, 72090663"
2024-10-10,Borrachas,2,33.06,66.12,Srta. Marcela Castro,"Viela de Camargo, 25, Brasília - DF, 10969-953"
2024-10-19,Clips,11,15.71,172.81,Nicole Caldeira,"Praça de Rodrigues, 98, Brasília - DF, 97754075"
2024-10-17,Lápis,1,22.75,22.75,Bento da Luz,"Pátio Luna Nascimento, 39, Brasília - DF, 86199-116"
2024-01-24,Clips,7,9.66,67.62,Isaac da Costa,"Vila Dom Aragão, 17, Brasília - DF, 49479083"
2024-09-12,Caderno,13,25.21,327.73,Sra. Alice Costa,"Trecho Pacheco, 42, Brasília - DF, 80703-090"
2024-02-02,Post-its,13,39.24,510.12,José Miguel Moura,"Alameda de Fogaça, 38, Brasília - DF, 60436-268"
2024-06-14,Caderno,15,43.59,653.85,Vitor Vasconcelos,"Loteamento de Camargo, 41, Brasília - DF, 32768697"
2024-07-18,Post-its,8,21.88,175.04,Sophie da Cruz,"Lagoa Isabelly Martins, 22, Brasília - DF, 79028712"
2024-03-11,Pastas,16,46.78,748.48,Arthur Rios,"Favela João Leão, 52, Brasília - DF, 55838385"
2024-10-14,Clips,5,26.7,133.5,Pedro Lucas Fogaça,"Esplanada Anna Liz Teixeira, 55, Brasília - DF, 81766377"
2024-06-08,Lápis,2,44.47,88.94,Thiago da Cunha,"Chácara Eduarda da Rosa, 51, Brasília - DF, 66886635"
2024-06-09,Papel A4,6,41.85,251.1,Maria Helena Viana,"Estrada Rhavi da Rosa, 12, Brasília - DF, 08119869"
2024-09-02,Grampeador,12,43.24,518.88,Asafe Mendes,"Praça Bruno Câmara, 61, Brasília - DF, 22663423"
2024-01-14,Clips,7,25.23,176.61,Gael Henrique Barros,"Núcleo da Mota, 68, Brasília - DF, 32176305"
2024-07-16,Papel A4,3,32.86,98.58,Dra. Olívia Casa Grande,"Favela Moreira, 71, Brasília - DF, 70729514"
2024-11-02,Clips,2,16.26,32.52,Catarina Andrade,"Colônia de Vasconcelos, 14, Brasília - DF, 44989-086"
2024-07-04,Papel A4,15,37.51,562.65,Miguel Cirino,"Recanto Arthur Miguel Melo, 27, Brasília - DF, 50871713"
2024-03-17,Clips,9,41.42,372.78,Sr. Davi Guerra,"Parque Garcia, 54, Brasília - DF, 87263145"
2024-01-20,Grampeador,10,7.52,75.2,Bento Gomes,"Praia Monteiro, 62, Brasília - DF, 18792652"
2024-03-27,Caderno,17,27.4,465.8,Caleb Moura,"Via Sara Machado, 73, Brasília - DF, 90286388"
2024-08-30,Clips,13,30.88,401.44,Dr. Gabriel Correia,"Estrada de da Rosa, 5, Brasília - DF, 19361-965"
2024-07-03,Lápis,15,13.29,199.35,Clara Nogueira,"Parque Arthur Gabriel Câmara, 95, Brasília - DF, 21697976"
2024-08-28,Post-its,19,49.23,935.37,Kevin Lopes,"Via Fernandes, 29, Brasília - DF, 83398014"
2024-01-08,Grampeador,6,35.82,214.92,Marcos Vinicius Costa,"Passarela de Macedo, 77, Brasília - DF, 00033547"
2024-05-06,Grampeador,20,27.68,553.6,Allana Aparecida,"Chácara de Ribeiro, 2, Brasília - DF, 10618410"
2024-10-18,Caderno,1,11.81,11.81,Carolina Cirino,"Morro Emanuel Pires, 1, Brasília - DF, 08317-967"
2024-07-19,Papel A4,13,34.12,443.56,Gael Henrique Pacheco,"Avenida Correia, 82, Brasília - DF, 53785-154"
2024-04-03,Pastas,10,43.48,434.8,Elisa Barros,"Área Moreira, 94, Brasília - DF, 45344-644"
2024-09-07,Caderno,7,20.54,143.78,Luiz Fernando Vieira,"Praça Luigi Duarte, 34, Brasília - DF, 97731065"
2024-04-02,Papel A4,13,18.63,242.19,Maria da Conceição,"Vale de Novais, 30, Brasília - DF, 72051325"
2024-07-09,Borrachas,17,41.44,704.48,Emilly Marques,"Ladeira de Farias, 55, Brasília - DF, 88585269"
2024-11-02,Marcador,13,18.16,236.08,Ravi Lucca Silveira,"Via Asafe Correia, 54, Brasília - DF, 55757168"
2024-04-13,Lápis,18,46.97,845.46,Alexia Marques,"Loteamento Azevedo, 33, Brasília - DF, 60257-975"
2024-06-22,Papel A4,19,18.88,358.72,Srta. Gabrielly Marques,"Setor Melissa Sá, 20, Brasília - DF, 42412200"
2024-01-03,Pastas,4,7.89,31.56,Lunna Machado,"Sítio Otávio Costa, 69, Brasília - DF, 44632-376"
2024-09-15,Post-its,15,40.44,606.6,Alexandre Martins,"Praia Silva, 81, Brasília - DF, 02666919"
2024-01-18,Caderno,12,6.33,75.96,Eduardo Barros,"Via Theodoro Silva, 73, Brasília - DF, 47483-377"
2024-05-29,Borrachas,2,9.53,19.06,Mirella Carvalho,"Vale Thales Silveira, 90, Brasília - DF, 72590417"
2024-01-21,Marcador,2,41.78,83.56,Juliana da Costa,"Colônia Sá, 53, Brasília - DF, 53119686"
2024-08-27,Grampeador,10,33.71,337.1,Gabrielly Moreira,"Via Pacheco, 8, Brasília - DF, 26734402"
2024-06-06,Pastas,17,48.41,822.97,Anthony Gabriel Duarte,"Residencial de Aragão, 2, Brasília - DF, 75943-187"
2024-01-27,Caneta,9,26.78,241.02,Dr. Bryan da Cruz,"Viela de da Cruz, 84, Brasília - DF, 24650-420"
2024-10-26,Lápis,6,43.26,259.56,Otávio Garcia,"Quadra Novaes, 14, Brasília - DF, 93137-999"
2024-10-26,Caderno,12,20.74,248.88,Sophie Andrade,"Parque Gustavo Henrique Pastor, 57, Brasília - DF, 65610715"
2024-03-19,Pastas,16,26.42,422.72,Ana Laura Sá,"Quadra de Sampaio, 76, Brasília - DF, 72732215"
2024-10-25,Papel A4,10,11.38,113.8,Beatriz Barbosa,"Lagoa Marques, 51, Brasília - DF, 16545-018"
2024-06-28,Grampeador,16,10.41,166.56,Augusto Monteiro,"Campo Paulo Fogaça, 98, Brasília - DF, 06161586"
2024-09-19,Marcador,11,30.55,336.05,Luísa Vasconcelos,"Vila Martins, 33, Brasília - DF, 35664-518"
2024-09-22,Lápis,2,26.9,53.8,Noah Cavalcanti,"Trecho de da Mata, 39, Brasília - DF, 57171439"
2024-04-30,Post-its,7,26.95,188.65,Sr. Isaac Castro,"Praça Bento da Rocha, 26, Brasília - DF, 68980513"
2024-05-09,Caneta,19,9.56,181.64,Arthur Gabriel Dias,"Vale da Conceição, 3, Brasília - DF, 62867023"
2024-05-09,Lápis,5,25.25,126.25,Sophie Pimenta,"Quadra Carvalho, 87, Brasília - DF, 73675-640"
2024-07-31,Marcador,7,3.89,27.23,Davi Luiz Siqueira,"Quadra Breno Nunes, 88, Brasília - DF, 51069356"
2024-05-06,Caderno,15,21.05,315.75,Bento Cavalcanti,"Rua Azevedo, 43, Brasília - DF, 19168301"
2024-09-22,Papel A4,19,5.88,111.72,Antony da Luz,"Aeroporto Cavalcante, 4, Brasília - DF, 88349-685"
2024-06-10,Marcador,11,24.62,270.82,Ana Sophia Silveira,"Praça Machado, 2, Brasília - DF, 79853-313"
2024-08-13,Pastas,6,9.6,57.6,Maria Helena Sá,"Vereda Nicolas Vasconcelos, 13, Brasília - DF, 31294-702"
2024-09-08,Lápis,2,22.91,45.82,Srta. Bruna Rodrigues,"Quadra de Macedo, 56, Brasília - DF, 83361844"
2024-02-03,Clips,10,45.4,454.0,Ana Júlia Macedo,"Aeroporto Oliver Pimenta, 55, Brasília - DF, 96531744"
2024-10-12,Marcador,19,26.6,505.4,Dom Brito,"Distrito de Cavalcanti, 73, Brasília - DF, 55545026"
2024-07-04,Caneta,8,13.75,110.0,Ana Clara da Luz,"Travessa Bella Carvalho, 5, Brasília - DF, 07015798"
2024-08-19,Borrachas,2,16.49,32.98,Sophie Barros,"Praia de da Luz, 66, Brasília - DF, 79982419"
2024-03-28,Caneta,20,35.99,719.8,Manuela Silveira,"Rodovia Monteiro, 15, Brasília - DF, 30804981"
2024-02-18,Papel A4,8,3.05,24.4,Ana Laura das Neves,"Viela de Campos, 39, Brasília - DF, 93499-680"
2024-03-24,Post-its,5,28.62,143.1,Srta. Isadora Peixoto,"Colônia de Vargas, 24, Brasília - DF, 46985-023"
2024-05-31,Pastas,10,43.07,430.7,Dom Nogueira,"Viela de Montenegro, 99, Brasília - DF, 26281971"
2024-02-26,Post-its,17,15.59,265.03,Lorena Gomes,"Conjunto Matheus Machado, 59, Brasília - DF, 53237388"
2024-08-16,Marcador,16,19.18,306.88,Bruna Sá,"Passarela de Martins, 25, Brasília - DF, 81715347"
2024-04-24,Post-its,11,11.17,122.87,Ayla Fernandes,"Via João Pedro Pimenta, 11, Brasília - DF, 90077-181"
2024-05-08,Grampeador,5,18.77,93.85,Thiago Freitas,"Loteamento da Mata, 55, Brasília - DF, 14479219"
2024-07-30,Papel A4,10,3.18,31.8,Sr. Bryan Gomes,"Favela da Mata, 64, Brasília - DF, 04941-640"
2024-05-18,Borrachas,12,14.12,169.44,Leandro Aragão,"Alameda de Dias, 80, Brasília - DF, 99543091"
2024-10-14,Borrachas,9,22.79,205.11,Maya Sá,"Parque Kamilly Guerra, 38, Brasília - DF, 40627-588"
2024-08-15,Post-its,4,21.66,86.64,Camila Ferreira,"Colônia Pietro Abreu, 30, Brasília - DF, 51960729"
2024-01-16,Papel A4,16,28.2,451.2,Sra. Luna Almeida,"Morro Sabrina Novaes, 94, Brasília - DF, 50791-986"
2024-07-22,Grampeador,15,29.79,446.85,Rhavi Duarte,"Ladeira de Andrade, 11, Brasília - DF, 68833-456"
2024-01-31,Marcador,3,42.73,128.19,Sophia Rocha,"Aeroporto Costela, 86, Brasília - DF, 04325-414"
2024-09-02,Caderno,8,5.63,45.04,Maria Alice Martins,"Via Mariana Cardoso, 31, Brasília - DF, 12120-427"
2024-09-30,Pastas,7,43.32,303.24,Sra. Maria Liz Borges,"Praça Gabriela Macedo, 23, Brasília - DF, 25458-592"
2024-02-25,Marcador,11,23.41,257.51,Srta. Isadora Pinto,"Favela Eduarda Cirino, 49, Brasília - DF, 19642-688"
2024-06-06,Pastas,15,26.28,394.2,Luiz Henrique Mendes,"Parque de Montenegro, 68, Brasília - DF, 95637-335"
2024-05-31,Papel A4,2,27.96,55.92,Luísa Fonseca,"Praça de Peixoto, 89, Brasília - DF, 41002-268"
2024-07-27,Post-its,11,29.3,322.3,Sr. Bernardo Campos,"Avenida de Nascimento, 79, Brasília - DF, 80168-476"
2024-02-18,Clips,19,47.32,899.08,Letícia Oliveira,"Lago de Nogueira, 8, Brasília - DF, 98020-790"
2024-02-29,Grampeador,13,39.32,511.16,Maria Luiza Viana,"Morro de Brito, 77, Brasília - DF, 39733-951"
2024-08-17,Borrachas,8,14.59,116.72,Nicole Pastor,"Parque de Mendes, 75, Brasília - DF, 64694862"
2024-06-09,Grampeador,1,46.14,46.14,Dom Nascimento,"Trecho Heloísa Caldeira, 41, Brasília - DF, 55543-480"
2024-10-08,Post-its,14,19.23,269.22,Hellena Andrade,"Trecho de Alves, 24, Brasília - DF, 13556836"
2024-05-22,Post-its,11,37.92,417.12,Srta. Juliana Vargas,"Esplanada de Correia, 71, Brasília - DF, 10464-971"
2024-04-27,Marcador,15,5.29,79.35,Elisa Albuquerque,"Condomínio de Sales, 75, Brasília - DF, 91997-200"
2024-01-19,Borrachas,9,39.68,357.12,Yasmin Gonçalves,"Alameda de Sampaio, 44, Brasília - DF, 58465643"
2024-07-15,Pastas,4,12.09,48.36,Maria Cecília Brito,"Jardim Vieira, 82, Brasília - DF, 21076745"
2024-09-23,Marcador,13,20.27,263.51,Mariana Silva,"Núcleo de Viana, 13, Brasília - DF, 40925-900"
2024-10-03,Pastas,7,47.22,330.54,Antônio Garcia,"Parque Oliver Monteiro, 88, Brasília - DF, 45022861"
2024-01-04,Post-its,17,24.47,415.99,Daniela Guerra,"Ladeira Clara Lopes, 72, Brasília - DF, 71792280"
2024-03-04,Post-its,11,21.56,237.16,Luara Barbosa,"Condomínio Nascimento, 74, Brasília - DF, 89591-660"
2024-01-24,Caderno,3,2.89,8.67,Thomas Novaes,"Praça da Rosa, 7, Brasília - DF, 40776-722"
2024-04-30,Caderno,13,20.01,260.13,Bianca Sales,"Lagoa Cirino, 91, Brasília - DF, 04349860"
2024-07-29,Marcador,18,32.61,586.98,Valentina da Costa,"Fazenda Souza, 13, Brasília - DF, 22765492"
2024-08-17,Caneta,1,33.97,33.97,Daniela da Costa,"Morro da Paz, 22, Brasília - DF, 26859-502"
2024-03-25,Clips,13,17.89,232.57,Sra. Jade Campos,"Estrada Otávio Viana, 80, Brasília - DF, 26450301"
2024-04-08,Papel A4,17,28.56,485.52,Srta. Maria Vitória Sampaio,"Largo de Freitas, 27, Brasília - DF, 83050-510"
2024-03-12,Pastas,6,10.13,60.78,Lorenzo Teixeira,"Favela Borges, 42, Brasília - DF, 17105-997"
2024-05-17,Papel A4,6,30.91,185.46,Sr. Henry Gabriel Moura,"Residencial de Rocha, 53, Brasília - DF, 42923199"
2024-05-14,Clips,2,38.97,77.94,Srta. Stella Costela,"Aeroporto Pimenta, 14, Brasília - DF, 51216698"
2024-09-20,Borrachas,9,38.68,348.12,Sophie Marques,"Viela Enrico Mendes, 50, Brasília - DF, 99964-940"
2024-07-25,Pastas,6,25.82,154.92,Sabrina da Paz,"Favela da Rocha, 81, Brasília - DF, 19870-045"
2024-04-14,Papel A4,19,35.48,674.12,Mariah Peixoto,"Via Catarina Caldeira, 14, Brasília - DF, 03716-687"
2024-06-10,Pastas,12,46.08,552.96,Sra. Bárbara Ramos,"Loteamento Levi Dias, 8, Brasília - DF, 89204-975"
2024-04-05,Lápis,18,45.1,811.8,Maria Vitória da Cunha,"Viela Caio Moura, 40, Brasília - DF, 43709-287"
2024-05-20,Caderno,16,36.93,590.88,Ana Vitória Monteiro,"Estrada Daniel Pacheco, 55, Brasília - DF, 73127319"
2024-06-15,Papel A4,17,6.86,116.62,Luiz Miguel Sá,"Viela Bella Carvalho, 22, Brasília - DF, 46563142"
2024-02-10,Clips,9,38.06,342.54,Sr. Thiago Pacheco,"Chácara Manuela Ribeiro, 100, Brasília - DF, 75079009"
2024-09-03,Caderno,7,19.28,134.96,Juliana da Paz,"Morro Mendonça, 62, Brasília - DF, 65768-073"
2024-02-20,Grampeador,1,15.04,15.04,Mariah Farias,"Setor de Jesus, 38, Brasília - DF, 67805-340"
2024-04-08,Post-its,1,26.55,26.55,Bento Martins,"Lago Aparecida, 62, Brasília - DF, 28388-515"
2024-01-30,Post-its,12,46.43,557.16,Kevin Porto,"Lagoa Castro, 4, Brasília - DF, 56358-085"
2024-01-25,Clips,15,27.65,414.75,Sra. Maria Sophia Moraes,"Vila Câmara, 68, Brasília - DF, 59134-197"
2024-02-11,Caderno,10,8.0,80.0,Anthony Pereira,"Colônia Maria Julia Correia, 79, Brasília - DF, 99073204"
2024-02-24,Clips,5,38.38,191.9,Breno Farias,"Aeroporto Carolina Porto, 23, Brasília - DF, 40190-412"
2024-08-13,Lápis,1,2.89,2.89,Manuella Barbosa,"Avenida Josué Gomes, 70, Brasília - DF, 67285-438"
2024-10-22,Borrachas,2,43.79,87.58,Anthony Gabriel Pinto,"Núcleo Barros, 70, Brasília - DF, 83520486"
2024-02-15,Pastas,11,46.52,511.72,Isabela Albuquerque,"Alameda Bella Barros, 12, Brasília - DF, 70379-079"
2024-02-03,Marcador,2,48.9,97.8,Caroline Silva,"Praia das Neves, 69, Brasília - DF, 15932614"
2024-10-30,Grampeador,14,23.5,329.0,Francisco Porto,"Sítio Luiz Felipe Cirino, 88, Brasília - DF, 29796-358"
2024-10-14,Papel A4,3,35.76,107.28,Gustavo Azevedo,"Vereda Brayan Moreira, 30, Brasília - DF, 48278-173"
2024-04-24,Marcador,11,32.12,353.32,Thales Almeida,"Travessa Caldeira, 34, Brasília - DF, 04487773"
2024-04-07,Grampeador,15,38.14,572.1,Danilo Cardoso,"Trecho de Moura, 67, Brasília - DF, 85429-812"
2024-10-28,Caderno,4,25.56,102.24,Isaque da Rocha,"Trecho de Silva, 23, Brasília - DF, 60555668"
2024-04-26,Caderno,2,45.58,91.16,Lucas Andrade,"Sítio Ana Sophia Pimenta, 87, Brasília - DF, 39247453"
2024-03-28,Pastas,7,47.5,332.5,Paulo Marques,"Feira Aragão, 23, Brasília - DF, 26505-167"
2024-10-20,Caneta,10,46.86,468.6,João Felipe Pereira,"Jardim da Luz, 64, Brasília - DF, 85661083"
2024-10-22,Grampeador,1,14.12,14.12,Antônio Rodrigues,"Pátio Maria Julia da Conceição, 39, Brasília - DF, 50081-291"
2024-05-19,Grampeador,18,39.08,703.44,João Cardoso,"Ladeira Rocha, 12, Brasília - DF, 61758-709"
2024-09-16,Caneta,5,3.13,15.65,Ana Liz Pacheco,"Setor Caldeira, 29, Brasília - DF, 73844-772"
2024-09-21,Marcador,20,29.35,587.0,Isaque Alves,"Conjunto Léo Pereira, 85, Brasília - DF, 81555661"
2024-01-23,Papel A4,5,35.82,179.1,Lucas Sampaio,"Lago Luísa Barbosa, 46, Brasília - DF, 73664-447"
2024-04-03,Clips,17,19.11,324.87,Larissa Pacheco,"Condomínio Cirino, 90, Brasília - DF, 44824766"
2024-09-15,Marcador,2,11.12,22.24,Kaique Teixeira,"Chácara Mendonça, 32, Brasília - DF, 50293-347"
2024-03-07,Pastas,13,43.93,571.09,Liam Moraes,"Ladeira de Sá, 88, Brasília - DF, 18990-569"
2024-10-27,Marcador,5,25.02,125.1,Davi Miguel Santos,"Largo Gonçalves, 11, Brasília - DF, 41704830"
2024-10-14,Clips,8,11.08,88.64,Liz Casa Grande,"Trecho de Mendonça, 7, Brasília - DF, 90731-283"
2024-04-30,Papel A4,6,36.83,220.98,Francisco da Conceição,"Praia Rezende, 47, Brasília - DF, 54653615"
2024-05-20,Papel A4,5,22.99,114.95,Sra. Catarina Rezende,"Largo de Sales, 70, Brasília - DF, 34028821"
2024-09-11,Borrachas,20,47.84,956.8,João Gabriel Gonçalves,"Lago de Machado, 3, Brasília - DF, 65304-230"
2024-08-08,Clips,15,5.31,79.65,Leandro Cardoso,"Recanto Mirella Sales, 41, Brasília - DF, 63026-185"
2024-08-08,Borrachas,20,49.67,993.4,João Guilherme Mendes,"Via Arthur Miguel Aragão, 14, Brasília - DF, 29485741"
2024-07-15,Clips,13,24.19,314.47,Laura Novaes,"Trecho Cirino, 46, Brasília - DF, 13920450"
2024-03-04,Pastas,11,10.92,120.12,Leonardo Novaes,"Área de Ribeiro, 14, Brasília - DF, 89577-268"
2024-04-01,Caneta,10,6.57,65.7,Enrico Oliveira,"Aeroporto Machado, 54, Brasília - DF, 08479-411"
2024-08-30,Caneta,12,13.83,165.96,Arthur Gabriel Souza,"Rua Gomes, 96, Brasília - DF, 95848399"
2024-10-15,Marcador,7,42.6,298.2,Clara Peixoto,"Lago de Araújo, 67, Brasília - DF, 41884-765"
2024-08-15,Borrachas,18,46.17,831.06,Aylla Porto,"Esplanada da Mota, 71, Brasília - DF, 26920930"
2024-02-16,Marcador,14,41.34,578.76,Antony Cardoso,"Jardim Gomes, 69, Brasília - DF, 04224438"
2024-06-07,Marcador,13,2.32,30.16,Srta. Bruna Jesus,"Viaduto Vargas, 33, Brasília - DF, 09747816"
2024-04-09,Clips,8,45.66,365.28,Bella Pimenta,"Jardim de Porto, 78, Brasília - DF, 18761-644"
2024-05-07,Post-its,6,28.42,170.52,Yuri Nascimento,"Condomínio Carvalho, 17, Brasília - DF, 35997-931"
2024-09-09,Papel A4,1,29.99,29.99,Erick Silveira,"Estação Barros, 39, Brasília - DF, 15798661"
2024-05-29,Pastas,12,16.81,201.72,Lucas Gabriel da Cunha,"Quadra Anthony Gabriel Silveira, 25, Brasília - DF, 66876-625"
2024-05-28,Post-its,3,46.9,140.7,Srta. Lunna Andrade,"Ladeira Maria Vitória Mendes, 36, Brasília - DF, 33658536"
2024-02-13,Borrachas,6,23.69,142.14,Francisco Porto,"Praça Nicolas Martins, 26, Brasília - DF, 92393-379"
2024-05-01,Caneta,15,22.17,332.55,Maria Júlia Marques,"Loteamento Maria Eduarda Farias, 88, Brasília - DF, 68684-891"
2024-09-08,Papel A4,7,18.81,131.67,Théo Moura,"Pátio Maitê Cavalcanti, 8, Brasília - DF, 96499870"
2024-01-31,Grampeador,18,3.01,54.18,Mariah Aragão,"Condomínio de Aparecida, 99, Brasília - DF, 52730-055"
2024-02-26,Papel A4,9,43.7,393.3,Antony Santos,"Loteamento Farias, 80, Brasília - DF, 94559443"
2024-04-21,Post-its,6,20.13,120.78,José Miguel Lima,"Vila Heloísa Correia, 22, Brasília - DF, 41385-645"
2024-04-11,Clips,4,20.02,80.08,Maria Luiza Correia,"Morro Benício Santos, 42, Brasília - DF, 31774728"
2024-06-21,Caderno,19,20.73,393.87,Srta. Letícia Nunes,"Ladeira Henrique Ferreira, 5, Brasília - DF, 62584926"
2024-03-27,Clips,17,21.29,361.93,Miguel da Mota,"Largo Thales Ferreira, 37, Brasília - DF, 12435022"
2024-06-23,Marcador,14,6.59,92.26,Dr. João Miguel Vasconcelos,"Alameda Siqueira, 80, Brasília - DF, 40003457"
2024-06-07,Pastas,13,25.95,337.35,Antônio Aragão,"Chácara Anna Liz Ribeiro, 52, Brasília - DF, 71978-490"
2024-04-14,Lápis,19,34.27,651.13,Sra. Antonella Pastor,"Via de Melo, 4, Brasília - DF, 07462-906"
2024-04-15,Borrachas,5,30.48,152.4,Eloah Azevedo,"Setor Moraes, 42, Brasília - DF, 86252-226"
2024-09-24,Caneta,6,14.48,86.88,Dra. Daniela Barros,"Favela de Azevedo, 7, Brasília - DF, 69165-896"
2024-10-18,Borrachas,13,20.69,268.97,Dr. Danilo Macedo,"Colônia Raquel Silva, 72, Brasília - DF, 52536-218"
2024-10-15,Marcador,5,47.68,238.4,Henrique Costela,"Colônia Maria Julia Guerra, 4, Brasília - DF, 14976-685"
2024-09-06,Grampeador,14,6.58,92.12,Rebeca Fernandes,"Quadra de Souza, 38, Brasília - DF, 65726209"
2024-02-04,Papel A4,17,14.19,241.23,Pedro Monteiro,"Trevo Kevin Porto, 47, Brasília - DF, 50493735"
2024-10-16,Pastas,4,24.2,96.8,Aylla Câmara,"Estrada Maria Julia Correia, 1, Brasília - DF, 19589-595"
2024-07-04,Caderno,8,10.73,85.84,Valentina da Rosa,"Lagoa de da Mata, 89, Brasília - DF, 73797183"
2024-08-28,Clips,11,8.63,94.93,Sra. Ester da Costa,"Vila Oliveira, 89, Brasília - DF, 81420-257"
2024-05-05,Lápis,16,22.56,360.96,Theodoro Câmara,"Ladeira Cavalcanti, 74, Brasília - DF, 37536-716"
2024-05-25,Post-its,10,40.82,408.2,Sr. Antony Santos,"Quadra de Aparecida, 12, Brasília - DF, 76699-063"
2024-04-19,Caderno,7,5.22,36.54,Isabelly Rocha,"Ladeira Ana Clara Aragão, 7, Brasília - DF, 58694090"
2024-05-23,Clips,20,14.16,283.2,Danilo Moraes,"Vale de Moreira, 60, Brasília - DF, 72814121"
2024-03-16,Papel A4,20,15.28,305.6,Sr. Vinícius Moura,"Estrada Melo, 13, Brasília - DF, 42971737"
2024-03-16,Clips,13,6.62,86.06,Sra. Ana Carolina Camargo,"Vereda de Vasconcelos, 54, Brasília - DF, 96133-320"
2024-07-19,Post-its,13,45.61,592.93,Srta. Emanuelly Pires,"Núcleo de Cassiano, 64, Brasília - DF, 20670750"
2024-07-10,Marcador,4,33.71,134.84,Maria Macedo,"Trecho de Moraes, 81, Brasília - DF, 36860607"
2024-08-07,Grampeador,9,3.88,34.92,Cauê Silva,"Colônia Sampaio, 86, Brasília - DF, 51343065"
2024-03-26,Grampeador,14,20.4,285.6,Ravi Lucca Sousa,"Trecho Rocha, 80, Brasília - DF, 53124275"
2024-07-20,Marcador,2,36.15,72.3,Ana Carolina Carvalho,"Praia da Cruz, 19, Brasília - DF, 88109-673"
2024-02-03,Lápis,11,49.04,539.44,João Felipe Pimenta,"Travessa Ribeiro, 88, Brasília - DF, 28224775"
2024-07-27,Clips,2,26.9,53.8,Dr. Ryan Guerra,"Campo de Araújo, 80, Brasília - DF, 37537505"
2024-05-19,Clips,8,10.7,85.6,Hellena Azevedo,"Setor Pietra Barros, 86, Brasília - DF, 72327075"
2024-05-06,Grampeador,15,38.45,576.75,Agatha Costa,"Chácara Ravi Azevedo, 78, Brasília - DF, 27184-526"
2024-04-14,Pastas,2,20.23,40.46,Luiz Henrique da Paz,"Morro da Luz, 37, Brasília - DF, 18921-017"
2024-07-12,Pastas,15,21.53,322.95,Henry Vieira,"Lago de Pinto, 76, Brasília - DF, 74833-609"
2024-01-24,Borrachas,14,33.7,471.8,Heloísa da Conceição,"Travessa Anthony Oliveira, 83, Brasília - DF, 56003446"
2024-10-24,Pastas,2,21.39,42.78,Srta. Antonella Castro,"Chácara João Gabriel Gomes, 58, Brasília - DF, 26029331"
2024-08-05,Caderno,17,22.57,383.69,Dr. Kaique Cavalcanti,"Lago Aparecida, 6, Brasília - DF, 79119155"
2024-05-25,Clips,13,37.58,488.54,Cauã Pinto,"Vale Fonseca, 75, Brasília - DF, 87652-266"
2024-04-24,Clips,5,23.79,118.95,Ana Liz Pimenta,"Viaduto das Neves, 78, Brasília - DF, 25638-924"
2024-05-22,Lápis,10,6.04,60.4,Marcos Vinicius Vasconcelos,"Vale de Rodrigues, 55, Brasília - DF, 47628023"
2024-10-05,Borrachas,4,2.8,11.2,Nina Borges,"Chácara de Costela, 90, Brasília - DF, 74692177"
2024-08-28,Pastas,4,50.0,200.0,Benicio Correia,"Núcleo Joaquim Nogueira, 81, Brasília - DF, 21824-215"
2024-05-24,Papel A4,7,49.37,345.59,Ana Júlia Cardoso,"Estação de Mendes, 100, Brasília - DF, 34455958"
2024-10-13,Pastas,11,35.16,386.76,Sra. Carolina Abreu,"Fazenda Santos, 2, Brasília - DF, 42961-047"
2024-03-24,Papel A4,17,16.59,282.03,Helena Casa Grande,"Passarela Vargas, 45, Brasília - DF, 28194325"
2024-04-01,Lápis,10,41.66,416.6,Sra. Ana Beatriz Fogaça,"Distrito de da Mota, 64, Brasília - DF, 31291474"
2024-10-11,Lápis,1,30.71,30.71,Ana Luiza Garcia,"Colônia Cunha, 48, Brasília - DF, 68921-250"
2024-09-01,Grampeador,20,18.7,374.0,Carolina da Rocha,"Estação Murilo Costa, 55, Brasília - DF, 42658755"
2024-01-09,Caderno,20,11.93,238.6,Oliver Pacheco,"Loteamento de Alves, 36, Brasília - DF, 64109460"
2024-09-19,Post-its,2,3.61,7.22,Yan das Neves,"Via Mariane Farias, 6, Brasília - DF, 23606-987"
2024-08-31,Lápis,18,47.86,861.48,Thomas Rodrigues,"Passarela Cunha, 79, Brasília - DF, 30672-342"
2024-10-25,Pastas,16,33.86,541.76,Valentim Martins,"Rodovia de Montenegro, 12, Brasília - DF, 68928143"
2024-06-23,Caderno,20,8.17,163.4,Sr. Pietro Novaes,"Conjunto da Rocha, 32, Brasília - DF, 52983042"
2024-02-02,Marcador,12,33.02,396.24,Ana Rezende,"Lagoa de Macedo, 89, Brasília - DF, 14450-606"
2024-05-23,Clips,9,39.93,359.37,Rhavi Dias,"Via Sampaio, 10, Brasília - DF, 77330668"
2024-09-06,Borrachas,3,9.4,28.2,Lucca Ferreira,"Rodovia Emanuella Nascimento, 64, Brasília - DF, 91460553"
2024-10-04,Marcador,18,17.52,315.36,Diogo Nascimento,"Sítio de Macedo, 39, Brasília - DF, 90953015"
2024-03-06,Papel A4,18,22.47,404.46,Srta. Maria Helena Pimenta,"Lagoa da Mota, 17, Brasília - DF, 16110065"
2024-03-10,Grampeador,17,4.79,81.43,Maria Eduarda das Neves,"Travessa de Pinto, 26, Brasília - DF, 38521215"
2024-02-21,Grampeador,13,45.41,590.33,Bárbara Cavalcante,"Esplanada Lorena Moraes, 68, Brasília - DF, 35155-748"
2024-01-06,Pastas,10,35.45,354.5,Miguel Carvalho,"Viaduto Pereira, 85, Brasília - DF, 31155-910"
2024-10-19,Post-its,5,36.86,184.3,Sra. Eduarda Guerra,"Conjunto Rafaela Aparecida, 1, Brasília - DF, 29161-787"
2024-08-11,Papel A4,18,42.61,766.98,Anthony Gabriel da Rosa,"Setor Cavalcante, 6, Brasília - DF, 33958-157"
2024-06-05,Marcador,18,21.03,378.54,Lavínia da Mata,"Lago de Oliveira, 46, Brasília - DF, 13282372"
2024-04-04,Lápis,19,12.53,238.07,João Vitor Silveira,"Trecho Rebeca Viana, 88, Brasília - DF, 63148-284"
2024-03-26,Caneta,16,40.4,646.4,Bernardo Guerra,"Passarela Gabriela da Luz, 84, Brasília - DF, 24567-371"
2024-08-26,Lápis,10,25.44,254.4,Dr. Kaique Guerra,"Vila de Peixoto, 47, Brasília - DF, 53388433"
2024-07-10,Post-its,7,7.23,50.61,Davi Miguel Rocha,"Avenida de Novais, 57, Brasília - DF, 78617983"
2024-08-15,Caderno,13,3.64,47.32,Benjamim da Cruz,"Distrito de Silveira, 33, Brasília - DF, 42733-543"
2024-03-25,Papel A4,19,8.06,153.14,Luiz Gustavo Mendes,"Viela de Monteiro, 97, Brasília - DF, 84320442"
2024-02-14,Papel A4,5,9.65,48.25,Vitor Freitas,"Esplanada Breno Montenegro, 63, Brasília - DF, 93231-231"
2024-08-17,Caneta,5,23.37,116.85,Theodoro Gomes,"Estação da Cruz, 91, Brasília - DF, 93851622"
2024-08-12,Clips,4,32.61,130.44,Dr. Ravi Nogueira,"Quadra Ana Sophia Peixoto, 51, Brasília - DF, 88594-425"
2024-03-03,Pastas,2,44.02,88.04,Fernando Peixoto,"Viaduto Pinto, 51, Brasília - DF, 78994650"
2024-04-26,Post-its,7,16.74,117.18,Sra. Alana Câmara,"Distrito Ravi da Mota, 93, Brasília - DF, 20534-925"
2024-08-07,Post-its,13,44.26,575.38,Pedro Miguel Dias,"Feira Danilo Nascimento, 13, Brasília - DF, 57414-029"
2024-07-03,Borrachas,17,34.84,592.28,Paulo da Mota,"Rua de Vasconcelos, 51, Brasília - DF, 38145907"
2024-08-06,Borrachas,8,22.29,178.32,Davi Moreira,"Avenida de Nunes, 62, Brasília - DF, 75730126"
2024-03-15,Clips,13,11.38,147.94,Dra. Luara Cirino,"Largo de da Conceição, 18, Brasília - DF, 06115113"
2024-01-14,Marcador,4,25.45,101.8,Danilo Albuquerque,"Chácara Matteo Viana, 73, Brasília - DF, 76792209"
2024-01-27,Caderno,15,24.49,367.35,Rebeca Souza,"Vereda de Novais, 98, Brasília - DF, 67613612"
2024-09-02,Lápis,8,13.77,110.16,Luiz Gustavo Nascimento,"Núcleo Maya Silveira, 31, Brasília - DF, 08602-144"
2024-07-07,Post-its,14,35.13,491.82,Anna Liz Cavalcanti,"Área de Fogaça, 53, Brasília - DF, 35395-626"
2024-08-11,Clips,15,17.2,258.0,Dr. Thiago Monteiro,"Aeroporto Azevedo, 74, Brasília - DF, 60421-803"
2024-07-24,Caneta,15,35.87,538.05,Ravi Pereira,"Trecho Rodrigues, 19, Brasília - DF, 52584144"
2024-09-24,Marcador,20,26.08,521.6,Cecília Cirino,"Área Oliveira, 61, Brasília - DF, 23280499"
2024-06-12,Caderno,15,20.89,313.35,Davi Luiz Fernandes,"Largo de Rocha, 87, Brasília - DF, 60967929"
2024-09-23,Papel A4,20,15.49,309.8,Gabriel Leão,"Alameda Sophie Marques, 55, Brasília - DF, 51070513"
2024-10-28,Caneta,5,25.56,127.8,Ana Carolina Nunes,"Vila Danilo da Cruz, 46, Brasília - DF, 79645-737"
2024-07-15,Lápis,15,17.06,255.9,Clarice Alves,"Aeroporto Davi Miguel Alves, 12, Brasília - DF, 50055-238"
2024-04-09,Clips,18,7.49,134.82,Caroline Pastor,"Campo Machado, 27, Brasília - DF, 91596-334"
2024-01-17,Post-its,14,34.28,479.92,Enzo Brito,"Parque João Felipe Garcia, 45, Brasília - DF, 41108-345"
2024-02-03,Borrachas,20,32.3,646.0,Arthur Miguel Costela,"Vila de Pastor, 56, Brasília - DF, 23436-160"
2024-06-04,Caneta,13,28.8,374.4,Luiz Miguel Peixoto,"Estrada Machado, 90, Brasília - DF, 34372247"
2024-03-26,Post-its,12,2.92,35.04,João Guilherme Leão,"Ladeira de Aragão, 95, Brasília - DF, 40187146"
2024-06-29,Pastas,16,31.43,502.88,Pedro Henrique Teixeira,"Viaduto Peixoto, 80, Brasília - DF, 09030466"
2024-02-13,Pastas,15,23.31,349.65,Mariana Aparecida,"Condomínio de Brito, 75, Brasília - DF, 19946-483"
2024-10-09,Papel A4,9,13.88,124.92,Marcos Vinicius Vasconcelos,"Largo Novaes, 66, Brasília - DF, 34113-249"
2024-02-02,Marcador,5,19.18,95.9,Ana Laura Albuquerque,"Recanto Fonseca, 41, Brasília - DF, 98081-747"
2024-02-05,Grampeador,15,3.32,49.8,Dr. Matteo Mendonça,"Campo Cavalcante, 80, Brasília - DF, 10420-330"
2024-08-05,Borrachas,12,36.13,433.56,Emanuella Costela,"Chácara Bianca Vargas, 30, Brasília - DF, 12491004"
2024-03-27,Caderno,20,21.48,429.6,Dra. Olivia Aragão,"Vereda de Vasconcelos, 36, Brasília - DF, 28254011"
2024-08-13,Pastas,11,14.99,164.89,Dra. Zoe Melo,"Viaduto de Cassiano, 80, Brasília - DF, 59223-336"
2024-09-06,Grampeador,9,14.7,132.3,Maria Isis Campos,"Vila da Cruz, 39, Brasília - DF, 72062-377"
2024-10-14,Caderno,2,9.16,18.32,Rafael da Rosa,"Setor de Ramos, 82, Brasília - DF, 51347-001"
2024-02-12,Borrachas,9,44.33,398.97,Gustavo Cirino,"Núcleo Mendes, 55, Brasília - DF, 14879-540"
2024-05-16,Caderno,3,25.05,75.15,Nicolas Brito,"Favela Thiago Cirino, 79, Brasília - DF, 54406876"
2024-09-27,Lápis,18,6.43,115.74,Vinícius Pereira,"Praça Andrade, 46, Brasília - DF, 69293215"
2024-01-18,Lápis,15,25.56,383.4,Gabrielly Vasconcelos,"Ladeira de Monteiro, 69, Brasília - DF, 57408-219"
2024-04-28,Caneta,6,42.61,255.66,Valentim da Mata,"Ladeira da Rosa, 76, Brasília - DF, 19033886"
2024-01-25,Papel A4,16,44.89,718.24,Stella Mendonça,"Parque de Barros, 76, Brasília - DF, 12399514"
2024-06-08,Caneta,15,47.68,715.2,Mariane Dias,"Largo Stella Sampaio, 90, Brasília - DF, 77268-280"
2024-08-03,Caneta,5,47.83,239.15,Isabelly Camargo,"Loteamento Matteo Garcia, 91, Brasília - DF, 45681636"
2024-07-29,Borrachas,16,33.2,531.2,Dra. Zoe Pinto,"Quadra de Fogaça, 33, Brasília - DF, 76128-708"
2024-07-09,Marcador,5,5.5,27.5,Camila Abreu,"Aeroporto Helena Peixoto, 3, Brasília - DF, 09781-132"
2024-08-01,Post-its,5,48.91,244.55,Josué Correia,"Loteamento Cavalcanti, 75, Brasília - DF, 41079-624"
2024-01-10,Pastas,12,43.82,525.84,Sr. João Miguel Lopes,"Pátio Renan Sampaio, 54, Brasília - DF, 20503379"
2024-10-04,Post-its,7,29.87,209.09,Valentina da Rocha,"Largo Lavínia Aragão, 77, Brasília - DF, 00910-857"
2024-09-06,Papel A4,11,20.42,224.62,Sophie Andrade,"Parque Cecília Pacheco, 27, Brasília - DF, 02296-874"
2024-01-20,Caneta,1,2.08,2.08,Davi Lucas Santos,"Parque Luiz Felipe Barbosa, 46, Brasília - DF, 46437377"
2024-07-17,Caderno,3,13.76,41.28,José Costa,"Distrito Renan Aparecida, 91, Brasília - DF, 18452931"
2024-02-02,Borrachas,14,8.7,121.8,Isabelly Sousa,"Ladeira de Albuquerque, 46, Brasília - DF, 86676613"
2024-02-03,Caderno,20,8.66,173.2,Allana Leão,"Favela Fogaça, 83, Brasília - DF, 59200-571"
2024-01-27,Pastas,3,19.05,57.15,Isabel Moreira,"Colônia da Costa, 59, Brasília - DF, 12172-357"
2024-10-23,Caneta,16,35.04,560.64,Mateus Silveira,"Lago de da Mota, 7, Brasília - DF, 73730311"
2024-09-22,Papel A4,17,18.06,307.02,Benício da Mota,"Residencial Nathan Câmara, 71, Brasília - DF, 27053-551"
2024-06-05,Clips,17,30.07,511.19,Cecilia Brito,"Lago de Moura, 4, Brasília - DF, 34493-475"
2024-09-10,Caneta,8,34.74,277.92,Esther Sousa,"Avenida Cavalcanti, 60, Brasília - DF, 53323-105"
2024-08-08,Papel A4,12,48.55,582.6,Dr. Diego Siqueira,"Rodovia de Pastor, 46, Brasília - DF, 18811981"
2024-04-25,Pastas,9,14.4,129.6,Alana Cirino,"Viela Siqueira, 70, Brasília - DF, 12641853"
2024-06-04,Caneta,14,40.4,565.6,Rafaela Pires,"Rodovia de Peixoto, 63, Brasília - DF, 94854-153"
2024-06-21,Pastas,10,37.93,379.3,Sr. Nicolas Sales,"Rua Aragão, 80, Brasília - DF, 42011-732"
2024-07-25,Marcador,5,16.26,81.3,Bruna Ramos,"Parque Vasconcelos, 64, Brasília - DF, 28706544"
2024-05-14,Caderno,13,40.08,521.04,Dr. Vinícius Costa,"Lagoa João Gabriel Caldeira, 31, Brasília - DF, 62481949"
2024-05-30,Caneta,16,4.14,66.24,Sra. Caroline Mendes,"Morro de Sá, 68, Brasília - DF, 54148395"
2024-02-20,Marcador,17,41.92,712.64,Sra. Manuela Novaes,"Avenida Milena Machado, 95, Brasília - DF, 96905-461"
2024-01-01,Marcador,9,42.91,386.19,Sara Costa,"Sítio Stella da Mata, 43, Brasília - DF, 42984818"
2024-09-06,Borrachas,4,15.94,63.76,João Guilherme da Cruz,"Conjunto de Andrade, 61, Brasília - DF, 73688065"
2024-04-14,Lápis,19,45.28,860.32,João Pedro Leão,"Passarela de Nascimento, 37, Brasília - DF, 86946-366"
2024-07-12,Lápis,16,9.58,153.28,Eduarda Oliveira,"Rua da Rosa, 2, Brasília - DF, 47100-081"
2024-10-17,Borrachas,17,9.21,156.57,Renan Montenegro,"Pátio de Casa Grande, 99, Brasília - DF, 36903942"
2024-04-20,Caneta,2,7.42,14.84,Fernanda Azevedo,"Avenida Gustavo Jesus, 60, Brasília - DF, 29226795"
2024-06-18,Lápis,14,7.87,110.18,Maria Isis Camargo,"Distrito da Paz, 30, Brasília - DF, 55927311"
2024-10-08,Marcador,5,12.64,63.2,Dra. Allana Leão,"Via Ana Clara Rocha, 75, Brasília - DF, 36565-011"
2024-02-26,Clips,17,13.6,231.2,Eloá Vasconcelos,"Núcleo de Silva, 8, Brasília - DF, 74133673"
2024-06-19,Post-its,13,8.25,107.25,Alícia Albuquerque,"Vereda Otávio Cavalcanti, 34, Brasília - DF, 81107-005"
2024-03-10,Lápis,1,17.87,17.87,Benjamin da Paz,"Ladeira de Pires, 52, Brasília - DF, 38909-597"
2024-08-13,Grampeador,20,20.2,404.0,Arthur Miguel Ferreira,"Favela de da Costa, 82, Brasília - DF, 68037-627"
2024-02-21,Caderno,7,49.45,346.15,Pedro Miguel Guerra,"Viaduto Rocha, 23, Brasília - DF, 47967-735"
2024-02-03,Grampeador,1,23.23,23.23,Srta. Maria Vitória Borges,"Praia de Silva, 49, Brasília - DF, 69871-598"
2024-03-14,Clips,15,19.21,288.15,Juan Brito,"Trevo Rebeca Correia, 34, Brasília - DF, 22027-908"
2024-03-21,Caderno,3,11.77,35.31,Ana Siqueira,"Largo Pimenta, 13, Brasília - DF, 37423540"
2024-05-29,Grampeador,15,8.38,125.7,Valentina Siqueira,"Trevo Martins, 92, Brasília - DF, 23623857"
2024-02-25,Caderno,3,48.28,144.84,Bryan Nunes,"Esplanada de Carvalho, 46, Brasília - DF, 73094-286"
2024-10-09,Caderno,3,40.52,121.56,Danilo Nascimento,"Residencial de da Mata, 37, Brasília - DF, 38661398"
2024-08-06,Caneta,1,20.4,20.4,Isabela Souza,"Trecho Maysa da Paz, 63, Brasília - DF, 47587453"
2024-09-07,Post-its,3,2.11,6.33,Enzo Peixoto,"Vila de Fernandes, 30, Brasília - DF, 95162986"
2024-02-28,Lápis,2,5.11,10.22,Srta. Juliana da Mata,"Condomínio Eduarda Fogaça, 68, Brasília - DF, 94388-075"
2024-03-04,Marcador,15,26.3,394.5,Sr. Breno Barros,"Condomínio de da Mota, 87, Brasília - DF, 16972-972"
2024-08-22,Post-its,15,41.19,617.85,Isabelly Cavalcante,"Lagoa de Marques, 5, Brasília - DF, 78622-916"
2024-05-24,Post-its,12,12.49,149.88,Isadora Farias,"Feira Machado, 75, Brasília - DF, 55868-844"
2024-07-13,Pastas,20,33.84,676.8,Mathias Barbosa,"Colônia Macedo, 45, Brasília - DF, 06369998"
2024-03-08,Caneta,4,31.73,126.92,Henry Pimenta,"Largo Mirella Sampaio, 31, Brasília - DF, 83969937"
2024-06-10,Post-its,17,46.38,788.46,Yago Freitas,"Favela Machado, 20, Brasília - DF, 02679844"
2024-01-30,Papel A4,20,29.3,586.0,Emilly Pires,"Área Erick Araújo, 71, Brasília - DF, 28225886"
2024-07-10,Borrachas,1,13.14,13.14,Maria Eduarda Nascimento,"Sítio Fogaça, 2, Brasília - DF, 52412821"
2024-07-31,Lápis,11,30.16,331.76,Isadora Fonseca,"Conjunto Rezende, 27, Brasília - DF, 63255937"
2024-02-19,Lápis,17,48.28,820.76,Benjamin Melo,"Quadra Costela, 43, Brasília - DF, 39534-342"
2024-09-23,Marcador,3,34.87,104.61,Srta. Melissa Martins,"Ladeira Santos, 65, Brasília - DF, 77370-670"
2024-06-20,Post-its,2,48.98,97.96,Ísis Barbosa,"Condomínio Ana Cecília Silveira, 76, Brasília - DF, 19199-109"
2024-03-18,Lápis,18,13.72,246.96,Dr. Vinicius Monteiro,"Trevo de da Mata, 48, Brasília - DF, 51015448"
2024-01-13,Lápis,8,9.0,72.0,Maria Liz Câmara,"Distrito Vieira, 83, Brasília - DF, 12008924"
2024-09-12,Marcador,19,32.53,618.07,Mariah Freitas,"Distrito Jesus, 60, Brasília - DF, 83962-596"
2024-10-11,Clips,15,11.9,178.5,Dr. João Araújo,"Praça Sá, 20, Brasília - DF, 04301149"
2024-10-24,Clips,12,47.85,574.2,Gustavo Henrique Nogueira,"Favela Santos, 12, Brasília - DF, 43669-503"
2024-02-13,Borrachas,3,42.61,127.83,Letícia Caldeira,"Lagoa Ravi Siqueira, 53, Brasília - DF, 50488-793"
2024-06-29,Caneta,18,16.37,294.66,Raquel da Cruz,"Feira Pinto, 62, Brasília - DF, 37828584"
2024-01-04,Marcador,9,22.03,198.27,Apollo Nunes,"Largo da Rocha, 78, Brasília - DF, 91140-318"
2024-04-19,Post-its,14,36.66,513.24,Paulo Farias,"Residencial Nina Cunha, 72, Brasília - DF, 86900231"
2024-10-18,Marcador,13,25.42,330.46,Dr. Ravy Albuquerque,"Conjunto Albuquerque, 9, Brasília - DF, 33039350"
2024-05-07,Grampeador,8,23.14,185.12,Isaque Fogaça,"Vila Clarice Guerra, 42, Brasília - DF, 98089-882"
2024-08-14,Papel A4,15,8.04,120.6,Ana Laura da Rosa,"Fazenda de da Mota, 73, Brasília - DF, 98310-826"
2024-09-08,Borrachas,11,27.35,300.85,Luiz Miguel Fogaça,"Esplanada Theodoro Pastor, 86, Brasília - DF, 37883-704"
2024-05-07,Grampeador,19,11.15,211.85,Anthony Mendes,"Viela Ribeiro, 75, Brasília - DF, 67435637"
2024-09-13,Caneta,11,39.13,430.43,Manuela Cardoso,"Pátio Isabel Fogaça, 17, Brasília - DF, 20890-852"
2024-05-26,Pastas,7,15.58,109.06,Dr. Rael Pires,"Distrito de Araújo, 61, Brasília - DF, 15790531"
2024-07-29,Post-its,20,42.84,856.8,Matteo Castro,"Distrito Cassiano, 88, Brasília - DF, 44436889"
2024-05-11,Post-its,1,38.31,38.31,João Miguel Duarte,"Praia Leão, 58, Brasília - DF, 25739-344"
2024-02-07,Borrachas,7,34.55,241.85,Sra. Alice Fogaça,"Recanto Marcos Vinicius Sales, 8, Brasília - DF, 61151-635"
2024-03-11,Caneta,12,37.59,451.08,Catarina Fonseca,"Vila de Santos, 31, Brasília - DF, 08803-085"
2024-08-10,Marcador,12,25.27,303.24,Marcos Vinicius Rios,"Praça de Marques, 24, Brasília - DF, 46690-097"
2024-09-14,Clips,20,9.53,190.6,Igor Novaes,"Praia Moreira, 84, Brasília - DF, 25022-907"
2024-06-09,Caderno,18,27.61,496.98,Daniel das Neves,"Setor de Casa Grande, 78, Brasília - DF, 71398456"
2024-05-04,Caderno,16,38.92,622.72,Sra. Allana Novaes,"Loteamento Fogaça, 29, Brasília - DF, 46355-498"
2024-07-24,Grampeador,9,33.09,297.81,Stella Barbosa,"Avenida Fernandes, 53, Brasília - DF, 32537115"
2024-05-01,Clips,5,23.97,119.85,Marcela Casa Grande,"Estação de Azevedo, 79, Brasília - DF, 62393-228"
2024-01-26,Lápis,19,14.36,272.84,Apollo da Rosa,"Estrada de Borges, 76, Brasília - DF, 50612400"
2024-04-10,Grampeador,1,5.89,5.89,Ana Julia Siqueira,"Quadra Enzo Rios, 49, Brasília - DF, 46009-245"
2024-09-04,Papel A4,9,49.38,444.42,Heloísa Ramos,"Largo Brito, 33, Brasília - DF, 85557-393"
2024-04-26,Marcador,10,10.81,108.1,Ana Julia da Conceição,"Alameda Barros, 84, Brasília - DF, 14666836"
2024-10-01,Pastas,14,32.28,451.92,Enzo da Cunha,"Trecho Hellena Fernandes, 30, Brasília - DF, 04809-519"
2024-07-10,Marcador,10,16.19,161.9,Juan Campos,"Alameda de Lopes, 10, Brasília - DF, 01584-461"
2024-05-03,Caneta,10,26.23,262.3,Anna Liz Rodrigues,"Ladeira Fogaça, 79, Brasília - DF, 16758-478"
2024-01-31,Marcador,3,13.24,39.72,Otto Pires,"Condomínio Bento Farias, 84, Brasília - DF, 75556290"
2024-10-19,Lápis,1,13.35,13.35,Anthony Gabriel Novais,"Núcleo Elisa Moreira, 52, Brasília - DF, 77769093"
2024-04-07,Grampeador,12,34.27,411.24,Antonella Araújo,"Chácara de Alves, 16, Brasília - DF, 78275-227"
